"mason brown","asher vecsler","henry bohm","matthew feit","freddy packin","robbie dabah","joshua boucai","grayson brill","connor marcel","jackson sullivan","zachariah andrei","spencer berk","shaun desai"
"maurice stern","harry trichon","graham howard","meijer buterman","bear packin","elliot shalom","noah kay","max tisch","parker elms","teddy traxler","truman terwilliger","jesse edelson","matteo richstone"
"abraham jemal","ryan marx","bowden cruz","joshua sultan","david spodek","elias esses","ryan reichman","addison wallach","thomas david smith","oliver connolly","","",""
"jonah ritter","zach goldschmid","nicky acquavella","raymond sardar","amit brachot","ethan ahdoot","jake henes","minjun park","","","","",""
"jack spodek","bobby vogelhut","john michael slattery","jordan mann","jake ebrahimzadeh","david dweck","","","","","","",""
"jack levine","miles schankler","charles durkin","benjamin ganfer","eiden stern","william rishty","","","","","","",""
"howie dushey","jake sporn","izzy patel","alexander moss","","","","","","","","",""
"leo kaufthal","dylan englander","","","","","","","","","","",""
"jacob biselman","","","","","","","","","","","",""
"harry ahdoot","","","","","","","","","","","",""
"pierce ebrahimzadeh","","","","","","","","","","","",""
"teddy kasell","","","","","","","","","","","",""
"nate kasell","","","","","","","","","","","",""
